id,label
data/Car/test/Car_1.jpg,0.37590283155441284
data/F1/test/F1_1.jpg,0.40700864791870117
